{
  "games": [
    {
      "gamename": "Mario",
      "gameauthor": "Nintendo",
      "gameprice": "599",
      "gametags": "adventure, multiplayer",
      "forkids": "on",
      "gamedesc": "",
      "gamerating": "",
      "id": 1
    },
    {
      "gamename": "Titanfall",
      "gameauthor": "Respawn",
      "gameprice": "1299",
      "gametags": "FPS",
      "forkids": "on",
      "gamedesc": "",
      "gamerating": "",
      "id": 2
    },
    {
      "gamename": "scaf",
      "gameauthor": "afda",
      "gameprice": "asfa",
      "gametags": "afa",
      "forkids": true,
      "gamedesc": "",
      "gamerating": "",
      "id": 3
    },
    {
      "gamename": "Mario",
      "gameauthor": "Nintendo",
      "gameprice": "599",
      "gametags": "adventure, multiplayer",
      "forkids": "on",
      "gamedesc": "",
      "gamerating": "",
      "id": 4
    },
    {
      "gamename": "Titanfall",
      "gameauthor": "Respawn",
      "gameprice": "1299",
      "gametags": "FPS",
      "forkids": "on",
      "gamedesc": "",
      "gamerating": "",
      "id": 5
    },
    {
      "gamename": "Mario",
      "gameauthor": "Nintendo",
      "gameprice": "599",
      "gametags": "adventure, multiplayer",
      "forkids": "on",
      "gamedesc": "",
      "gamerating": "",
      "id": 6
    },
    {
      "gamename": "Titanfall",
      "gameauthor": "Respawn",
      "gameprice": "1299",
      "gametags": "FPS",
      "forkids": "on",
      "gamedesc": "",
      "gamerating": "",
      "id": 7
    },
    {
      "gamename": "Mario",
      "gameauthor": "Nintendo",
      "gameprice": "599",
      "gametags": "adventure, multiplayer",
      "forkids": "on",
      "gamedesc": "",
      "gamerating": "",
      "id": 8
    },
    {
      "gamename": "Titanfall",
      "gameauthor": "Respawn",
      "gameprice": "1299",
      "gametags": "FPS",
      "forkids": "on",
      "gamedesc": "",
      "gamerating": "",
      "id": 9
    },
    {
      "gamename": "Mario",
      "gameauthor": "Nintendo",
      "gameprice": "599",
      "gametags": "adventure, multiplayer",
      "forkids": "on",
      "gamedesc": "",
      "gamerating": "",
      "id": 10
    },
    {
      "gamename": "Titanfall",
      "gameauthor": "Respawn",
      "gameprice": "1299",
      "gametags": "FPS",
      "forkids": "on",
      "gamedesc": "",
      "gamerating": "",
      "id": 11
    },
    {
      "gamename": "Mario",
      "gameauthor": "Nintendo",
      "gameprice": "599",
      "gametags": "adventure, multiplayer",
      "forkids": "true",
      "gamedesc": "",
      "gamerating": "",
      "id": 12
    },
    {
      "gamename": "Titanfall",
      "gameauthor": "Respawn",
      "gameprice": "1299",
      "gametags": "FPS",
      "forkids": "true",
      "gamedesc": "",
      "gamerating": "",
      "id": 13
    },
    {
      "gamename": "Mario",
      "gameauthor": "Nintendo",
      "gameprice": "599",
      "gametags": "adventure, multiplayer",
      "forkids": "true",
      "gamedesc": "",
      "gamerating": "",
      "id": 14
    },
    {
      "gamename": "Titanfall",
      "gameauthor": "Respawn",
      "gameprice": "1299",
      "gametags": "FPS",
      "forkids": "true",
      "gamedesc": "",
      "gamerating": "",
      "id": 15
    },
    {
      "gamename": "Mario",
      "gameauthor": "Nintendo",
      "gameprice": "599",
      "gametags": "adventure, multiplayer",
      "forkids": "true",
      "gamedesc": "",
      "gamerating": "",
      "id": 16
    },
    {
      "gamename": "Titanfall",
      "gameauthor": "Respawn",
      "gameprice": "1299",
      "gametags": "FPS",
      "forkids": "true",
      "gamedesc": "",
      "gamerating": "",
      "id": 17
    },
    {
      "gamename": "Mario",
      "gameauthor": "Nintendo",
      "gameprice": "599",
      "gametags": "adventure, multiplayer",
      "forkids": "true",
      "gamedesc": "",
      "gamerating": "",
      "id": 18
    },
    {
      "gamename": "Titanfall",
      "gameauthor": "Respawn",
      "gameprice": "1299",
      "gametags": "FPS",
      "forkids": "true",
      "gamedesc": "",
      "gamerating": "",
      "id": 19
    }
  ]
}